dataset,score_bin,total_count,bad_count,score_mean,bad_rate,KS
train,"(844.387, 868.158]",12000,60,848.6700063340887,0.005,0.0991486758477372
train,"(838.86, 844.387]",11998,83,841.7023317042898,0.006917819636606101,0.1952066186780166
train,"(833.21, 838.86]",12002,101,836.0994486397519,0.008415264122646225,0.2888954266200656
train,"(827.205, 833.21]",11999,147,830.2643342868935,0.012251020918409867,0.37641169893255
train,"(819.417, 827.205]",12000,226,823.5559766509979,0.018833333333333334,0.4533822536358772
train,"(810.132, 819.417]",12000,323,814.8527257311482,0.026916666666666665,0.517393303815061
train,"(799.056, 810.132]",11999,494,804.5596790899997,0.041170097508125676,0.558549286747363
train,"(785.973, 799.056]",12000,851,792.7991771612652,0.07091666666666667,0.5520178793105919
train,"(760.966, 785.973]",12000,1407,776.300599386548,0.11725,0.47120312635398953
train,"(658.809, 760.966]",12000,4329,730.3803219239934,0.36075,0.0
test,"(844.203, 864.958]",3000,14,848.5130376135666,0.004666666666666667,0.09968317044069115
test,"(838.918, 844.203]",3000,19,841.59967780578,0.006333333333333333,0.1966939655932684
test,"(833.188, 838.918]",3000,25,836.2208505781978,0.008333333333333333,0.29049791040010886
test,"(827.162, 833.188]",3000,34,830.275679871846,0.011333333333333334,0.37949157968834435
test,"(819.297, 827.162]",2999,67,823.4600508593769,0.022340780260086696,0.4508118501346121
test,"(810.27, 819.297]",3000,80,814.8106656662048,0.02666666666666667,0.5152196667721993
test,"(799.191, 810.27]",3000,112,804.6641909895696,0.037333333333333336,0.5625242815658575
test,"(785.86, 799.191]",3000,216,792.9719176127029,0.072,0.5542434903667458
test,"(761.832, 785.86]",3000,366,776.4716989082827,0.122,0.46579144052421634
test,"(668.647, 761.832]",3000,1072,731.5952256154848,0.35733333333333334,0.0
